{"cameraMode":{"drawMode":0,"name":"Shaded","section":"Shading Mode"},"sceneLighting":true,"audioPlay":false,"sceneViewState":{"m_AlwaysRefresh":true,"showFog":true,"showSkybox":true,"showFlares":true,"showImageEffects":true,"showParticleSystems":true,"showVisualEffectGraphs":true,"m_FxEnabled":true},"in2DMode":false,"pivot":{"x":-16.68857765197754,"y":60.84962463378906,"z":86.03741455078125},"rotation":{"x":-0.03178462013602257,"y":0.03507237881422043,"z":-0.0011159562272951007,"w":-0.9988811016082764},"size":119.01632690429688,"orthographic":false}