{"cameraMode":{"drawMode":0,"name":"Shaded","section":"Shading Mode"},"sceneLighting":true,"audioPlay":false,"sceneViewState":{"m_AlwaysRefresh":true,"showFog":true,"showSkybox":true,"showFlares":true,"showImageEffects":true,"showParticleSystems":true,"showVisualEffectGraphs":true,"m_FxEnabled":true},"in2DMode":false,"pivot":{"x":-9.303475379943848,"y":98.89695739746094,"z":84.15647888183594},"rotation":{"x":0.022186899557709695,"y":-0.012899261899292469,"z":-0.0002862748224288225,"w":-0.9996736645698547},"size":74.94798278808594,"orthographic":false}