{"cameraMode":{"drawMode":0,"name":"Shaded","section":"Shading Mode"},"sceneLighting":true,"audioPlay":false,"sceneViewState":{"m_AlwaysRefresh":true,"showFog":true,"showSkybox":true,"showFlares":true,"showImageEffects":true,"showParticleSystems":true,"showVisualEffectGraphs":true,"m_FxEnabled":true},"in2DMode":false,"pivot":{"x":7.533692359924316,"y":94.8912353515625,"z":35.508872985839847},"rotation":{"x":-0.022807365283370019,"y":-0.003901950316503644,"z":0.00008903532580006868,"w":-0.9997335076332092},"size":31.824460983276368,"orthographic":false}